<?xml version="1.0" encoding="UTF-8"?>
<!DOCTYPE mapper PUBLIC "-//mybatis.org//DTD Mapper 3.0//EN" "http://mybatis.org/dtd/mybatis-3-mapper.dtd">

<mapper namespace="com.dao.SaixiangxinxiDao">

	<!-- 可根据自己的需求，是否要使用 -->
    <resultMap type="com.entity.SaixiangxinxiEntity" id="saixiangxinxiMap">
        <result property="saixiangmingcheng" column="saixiangmingcheng"/>
        <result property="leixing" column="leixing"/>
        <result property="bisaididian" column="bisaididian"/>
        <result property="saixiangneirong" column="saixiangneirong"/>
        <result property="jibie" column="jibie"/>
        <result property="canjiarenshu" column="canjiarenshu"/>
        <result property="baomingfeiyong" column="baomingfeiyong"/>
        <result property="xiangqing" column="xiangqing"/>
        <result property="jiezhiriqi" column="jiezhiriqi"/>
        <result property="tupian" column="tupian"/>
    </resultMap>

	<select id="selectListVO"
		resultType="com.entity.vo.SaixiangxinxiVO" >
		SELECT * FROM saixiangxinxi  saixiangxinxi         
        <where> 1=1 ${ew.sqlSegment}</where>
	</select>
	
	<select id="selectVO"
		resultType="com.entity.vo.SaixiangxinxiVO" >
		SELECT  saixiangxinxi.* FROM saixiangxinxi  saixiangxinxi 	
 		<where> 1=1 ${ew.sqlSegment}</where>
	</select>

    <select id="selectListView"
		resultType="com.entity.view.SaixiangxinxiView" >

		SELECT  saixiangxinxi.* FROM saixiangxinxi  saixiangxinxi 	        
        <where> 1=1 ${ew.sqlSegment}</where>
	</select>
	
	<select id="selectView"
		resultType="com.entity.view.SaixiangxinxiView" >
		SELECT * FROM saixiangxinxi  saixiangxinxi <where> 1=1 ${ew.sqlSegment}</where>
	</select>
	
</mapper>